song_id,track,artist,duration_seconds,bpm_all_in_one,num_segments,has_all_in_one,has_essentia,essentia_bpm,essentia_key,essentia_scale,essentia_key_strength,essentia_danceability,essentia_onset_rate,essentia_average_loudness,essentia_dynamic_complexity,essentia_loudness_ebu128_integrated,essentia_spectral_centroid_mean,essentia_dissonance_mean,essentia_tuning_frequency,essentia_chords_key,essentia_chords_scale,essentia_chords_changes_rate,essentia_chords_number_rate,count_break,count_bridge,count_chorus,count_end,count_inst,count_intro,count_outro,count_solo,count_start,count_verse
zLvR5NiCPb0,The Greatest Man That Ever Lived (Variations On A Shaker Hymn),Weezer,250.55999755859375,150,15,True,True,151.1056671142578,,,,1.0083341598510742,3.1088106632232666,0.7657489776611328,3.322880268096924,-14.320234298706055,1485.26806640625,0.46595677733421326,434.193115234375,Ab,major,0.07022419571876526,0.0027793217450380325,0,0,8,0,0,1,2,0,0,4
4z7oi-QxE8s,Jesus of Suburbia,Green Day,548.977783203125,143,25,True,True,143.7781524658203,,,,1.105549693107605,3.659451484680176,0.9328225255012512,2.776311159133911,-10.555259704589844,1631.151123046875,0.47153761982917786,441.0177917480469,Ab,major,0.050156474113464355,0.000930389913264662,0,0,12,1,0,0,0,3,1,8
hU91w4tUcag,Daybreak,Saves The Day,646.1466674804688,176,28,True,True,90.06269073486328,,,,1.1226762533187866,3.7776734828948975,0.8531386256217957,3.8055741786956787,-7.984662055969238,1220.5736083984375,0.4524504840373993,440.76312255859375,C,major,0.05490477755665779,0.0008623787434771657,0,2,11,0,0,1,2,2,1,9
Xhf-BO_2wGw,Deathbed,Relient K,655.139404296875,109,33,True,True,110.84600830078125,,,,1.0104520320892334,2.533721923828125,0.8171586990356445,4.73628044128418,-11.564947128295898,931.513916015625,0.4420885145664215,438.98455810546875,D,major,0.03600538522005081,0.000921397702768445,0,4,8,0,0,1,2,5,1,12
D5qPogfhLIc,Good Vibrations - Remastered 2001,The Beach Boys,225.1290740966797,154,14,True,True,150.75245666503906,,,,0.9523236751556396,3.3490171432495117,0.5852382183074951,6.259225845336914,-15.446515083312988,1367.86328125,0.45803022384643555,434.193115234375,Bb,major,0.0515570230782032,0.003299649339169264,0,2,7,0,0,0,1,0,1,3
B46oP5CD1gs,"MFEO - Pt. 1: Made for Each Other, Pt. 2: You Can Breathe - 2015 Remastered",Jack's Mannequin,480.7866516113281,118,26,True,True,116.80413055419922,,,,1.05624258518219,3.0386602878570557,0.9192298650741577,8.342401504516602,-7.157357692718506,1687.593017578125,0.4640733301639557,441.0177917480469,C,major,0.055147770792245865,0.0009658103226684034,1,2,7,2,2,1,3,1,0,7
fJ9rUzIMcZQ,Bohemian Rhapsody,Queen,359.4453430175781,71,18,True,True,140.2727813720703,,,,0.9520889520645142,2.445279598236084,0.16321676969528198,7.092705249786377,-11.747313499450684,1549.721923828125,0.4584585130214691,434.193115234375,Bb,major,0.0534745529294014,0.0020666494965553284,0,0,6,1,0,1,2,2,1,5
0VqTwnAuHws,All These Things That I've Done,The Killers,180.01316833496094,130,11,True,True,129.9150848388672,,,,1.123847246170044,3.4048759937286377,0.2851935923099518,9.212636947631836,-10.885164260864258,958.7763061523438,0.4287858009338379,440.76312255859375,E,major,0.02681794762611389,0.0025786487385630608,1,0,3,1,2,2,0,1,1,0
RRKJiM9Njr8,Welcome to the Black Parade,My Chemical Romance,314.7000732421875,194,18,True,True,96.80723571777344,,,,1.1045119762420654,2.9041385650634766,0.8661705255508423,4.768449783325195,-8.768436431884766,1667.2518310546875,0.4715777039527893,440.0,G,major,0.06491590291261673,0.002065506065264344,0,2,5,1,2,1,1,0,1,5
oebxMjiSzsI,"Music Jail, Pt. 1 & 2",They Might Be Giants,188.24534606933594,125,12,True,True,124.83296203613281,,,,1.027625560760498,3.208202838897705,0.7990537285804749,4.77341890335083,-9.268196105957031,1448.7314453125,0.46105828881263733,434.193115234375,C,minor,0.03970406949520111,0.0039457459934055805,0,0,3,0,2,1,1,0,1,4
taupuK6oND4,Elon Musk Is Making Me Sad,The Rentals,439.0080871582031,90,23,True,True,89.90387725830078,,,,0.9970611929893494,2.838066577911377,0.7195498943328857,3.7940101623535156,-4.805382251739502,1724.4820556640625,0.4535789489746094,434.193115234375,Eb,major,0.04294024407863617,0.0013749338686466217,0,3,11,2,1,1,0,1,1,3
usNsCeOV4GM,A Day in the Life,The Beatles,312.4941711425781,167,17,True,True,164.0896453857422,,,,1.028088092803955,2.8670406341552734,0.32478100061416626,5.879208087921143,-12.747027397155762,998.874755859375,0.4414443373680115,437.2131652832031,C,major,0.06967761367559433,0.0019313623197376728,0,1,2,1,1,1,2,1,1,7
v3GPRIZw_J0,Heroes and Villains,The Beach Boys,219.93333435058594,136,11,True,True,117.4918441772461,,,,0.9970790147781372,2.877913475036621,0.47183477878570557,5.994956970214844,-15.256649017333984,1613.9368896484375,0.46738189458847046,439.2381896972656,Ab,major,0.043487440794706345,0.0031665610149502754,0,2,4,0,0,0,1,0,1,3
XI6C7L66zq8,Uncle Albert/Admiral Halsey,Paul McCartney,290.04046630859375,92,16,True,True,184.57040405273438,,,,1.1923946142196655,3.5026793479919434,0.8763143420219421,2.5687167644500732,-11.039331436157227,1064.161376953125,0.4501114785671234,440.5086364746094,C,major,0.03921882435679436,0.0016007684171199799,0,0,5,1,4,0,1,1,1,3
Hxx8IWIvKg0,Scenes from an Italian Restaurant,Billy Joel,459.1629943847656,98,26,True,True,98.42980194091797,,,,1.1525079011917114,3.769712448120117,0.8140832781791687,4.58473014831543,-10.634149551391602,1449.70166015625,0.4618619680404663,441.7826843261719,F,major,0.057437557727098465,0.001314591965638101,1,0,4,1,1,1,1,7,1,9
fHiGbolFFGw,Paranoid Android,Radiohead,392.56817626953125,82,19,True,True,163.64260864257812,,,,0.9912034273147583,3.93029522895813,0.7757455110549927,2.8605990409851074,-21.895479202270508,1332.4814453125,0.4505652189254761,437.9714660644531,A,minor,0.0670609101653099,0.0018923713359981775,0,0,5,0,3,2,0,3,1,5
ZGT0P0XJRFM,Suite: Judy Blue Eyes,Crosby Stills & Nash,444.0700378417969,154,22,True,True,152.60508728027344,,,,1.1040276288986206,3.7965002059936523,0.6759523749351501,4.2728800773620605,-13.967289924621582,746.0718994140625,0.4436857998371124,434.193115234375,E,major,0.0572982020676136,0.001150146359577775,0,0,8,1,3,0,0,1,1,8
N4zPu3ISCGs,Aqualung,Jethro Tull,405.966064453125,122,22,True,True,122.56843566894531,,,,1.0810651779174805,3.832613468170166,0.4157046675682068,5.7221574783325195,-19.965591430664062,1480.9808349609375,0.4656924605369568,440.76312255859375,F,major,0.05959052965044975,0.0017156582325696945,0,1,3,1,0,3,1,3,1,9
51oPKLSuyQY,Close to the Edge,Yes,1122.835693359375,162,56,True,True,164.10513305664062,,,,1.0342901945114136,2.47584867477417,0.20862185955047607,5.209106922149658,-11.834332466125488,1814.4891357421875,0.46914780139923096,442.0379333496094,A,minor,0.058974359184503555,0.0009098428417928517,4,0,8,1,2,9,3,12,1,16
HKGjCPBSG38,I Got You Babe,Sonny & Cher,191.6459197998047,74,11,True,True,110.12686920166016,,,,1.0626802444458008,3.5843021869659424,0.5322749018669128,4.239443778991699,-10.9735107421875,1657.9307861328125,0.469061940908432,442.0379333496094,F#,major,0.04312015324831009,0.0031492249108850956,0,0,4,1,0,0,0,0,1,5
QZGurhtlve8,Band on the Run,Paul McCartney & Wings,309.3333435058594,125,19,True,True,125.60750579833984,,,,1.146101474761963,3.5170764923095703,0.4280485510826111,2.972205638885498,-17.725839614868164,1555.9400634765625,0.46710431575775146,445.8845520019531,C,major,0.061693184077739716,0.002551786135882139,0,0,7,1,3,2,0,0,1,5
SuXlZ5PHK9I,Human Sadness,The Voidz,790.1983032226562,122,38,True,True,122.55032348632812,,,,1.0502965450286865,2.2601258754730225,0.7142452597618103,4.100832462310791,-10.944719314575195,984.72119140625,0.4252887964248657,440.0,A,minor,0.05183052271604538,0.0008227067301049829,2,1,5,1,0,4,1,18,1,5
6CVsBOjeDzk,Abbey Road Medley,The Beatles,1000.8380737304688,83,51,True,True,164.2136688232422,,,,1.044381856918335,3.0653598308563232,0.6903242468833923,5.583952903747559,-11.615138053894043,1237.3760986328125,0.4617600440979004,439.2381896972656,C,major,0.059945251792669296,0.0007887533283792436,0,2,18,2,1,2,3,7,1,15
k0puHKg_CjQ,One Night in Paris,10cc,521.2067260742188,79,25,True,True,154.33209228515625,,,,1.0110560655593872,2.90274977684021,0.5038073658943176,6.056558609008789,-16.547386169433594,1391.40185546875,0.4568948745727539,434.193115234375,F,major,0.06048997864127159,0.0017817371990531683,0,1,6,0,1,1,1,2,1,12
UIVe-rZBcm4,In-A-Gadda-Da-Vida,Iron Butterfly,1022.5255126953125,120,46,True,True,120.36993408203125,,,,1.1910573244094849,3.865830183029175,0.05226794630289078,5.307491779327393,-14.023887634277344,1836.9378662109375,0.47684910893440247,441.2725830078125,D,minor,0.07829245924949646,0.0008628519717603922,0,0,3,0,9,17,1,12,1,3
Cfg4SYjc9cg,Siberian Breaks,MGMT,729.6799926757812,107,37,True,True,106.82112121582031,,,,1.0743460655212402,3.5343356132507324,0.7755109667778015,3.1679117679595947,-9.078633308410645,1076.494140625,0.4602808952331543,439.2381896972656,A,major,0.04231895133852959,0.0012091129319742322,1,1,11,1,1,1,0,11,1,9
26iQAWPHTNY,A Saucerful of Secrets,Pink Floyd,2365.55615234375,120,105,True,True,164.18519592285156,,,,0.9436483383178711,2.337693691253662,0.27476051449775696,4.819614887237549,-13.259721755981445,989.5924072265625,0.4408051073551178,441.5275573730469,E,major,0.04862583428621292,0.00045151158701628447,1,1,17,2,5,41,2,15,4,17
EMoi_m2G6XU,Tumbling Dice,The Rolling Stones,227.50914001464844,111,14,True,True,111.31324768066406,,,,1.241096019744873,3.3269996643066406,0.9198691844940186,4.512825012207031,-11.912537574768066,1525.455322265625,0.4745084345340729,447.43255615234375,B,major,0.03876759856939316,0.0014282799093052745,0,0,8,1,0,0,1,1,1,2
aQUlA8Hcv4s,Mr. Blue Sky,ELO,294.6496276855469,88,16,True,True,178.2055206298828,,,,1.1228504180908203,2.8574063777923584,0.6020659804344177,3.828125,-17.44233512878418,2062.666015625,0.47482365369796753,438.7310485839844,F,major,0.05152852088212967,0.0022061141207814217,0,0,3,0,2,1,2,2,1,5
C11MzbEcHlw,Paradise By The Dashboard Light,Meat Loaf,505.77703857421875,167,24,True,True,165.62986755371094,,,,1.0864983797073364,3.924474000930786,0.843957781791687,3.70760178565979,-14.707737922668457,1370.6580810546875,0.46180665493011475,438.98455810546875,D,major,0.06793353706598282,0.0011934270150959492,0,0,10,1,0,0,1,0,1,11
JNBV5hofD_U,Calling Occupants of Interplanetary Craft,Klaatu,236.5184783935547,130,14,True,True,129.30841064453125,,,,1.0442239046096802,2.7437026500701904,0.5886164903640747,5.133571624755859,-10.358419418334961,1412.3675537109375,0.4587731957435608,451.0654602050781,A,major,0.043375857174396515,0.0035328753292560577,0,0,5,1,1,1,1,0,0,5
CQW9A7ykB6A,Beach Life-In-Death,Car Seat Headrest,730.760009765625,167,32,True,True,164.83657836914062,,,,1.0764117240905762,3.293747901916504,0.9071862697601318,1.6247268915176392,-7.420883655548096,1988.90380859375,0.47847384214401245,436.960693359375,G,major,0.04365507885813713,0.00069898966467008,1,1,7,1,0,0,0,7,1,14
vdvnOH060Qg,Happiness Is a Warm Gun,The Beatles,164.54666137695312,140,11,True,True,139.9804229736328,,,,1.0912762880325317,2.8804116249084473,0.9005832076072693,3.8361661434173584,-12.05227279663086,1716.00537109375,0.46683254837989807,434.193115234375,A,minor,0.06403385102748871,0.0033850492909550667,0,0,4,1,1,0,0,0,1,4
osN-dGs2d2A,2112,Rush,1232.973388671875,136,55,True,True,135.9330596923828,,,,1.0687841176986694,2.765632152557373,0.5856842994689941,5.848939895629883,-10.022037506103516,1352.609130859375,0.4619508981704712,441.7826843261719,A,major,0.06018605828285217,0.00060261384351179,2,1,12,0,6,7,2,15,1,9
RFXzbe2UAR0,Impossible Soul,Sufjan Stevens,1534.719970703125,120,77,True,True,119.96248626708984,,,,1.1689844131469727,3.4325156211853027,0.169050931930542,4.728357315063477,-13.210370063781738,811.9942626953125,0.4261900782585144,440.0,B,minor,0.06393536925315857,0.0005143877351656556,1,2,25,1,3,13,1,3,1,27
RJv2-_--EY4,A Quick One While He's Away,The Who,456.2559509277344,128,25,True,True,129.3035888671875,,,,1.0757167339324951,2.7089099884033203,0.8376252055168152,3.0727384090423584,-14.030319213867188,1582.75048828125,0.4714231491088867,434.193115234375,D,major,0.05037655308842659,0.0012212496949359775,0,1,9,1,0,2,1,0,1,10
dMV31MWIjLE,Pyramids,Frank Ocean,592.9199829101562,133,35,True,True,132.20773315429688,,,,1.2553327083587646,3.263437032699585,0.9210143089294434,3.6976237297058105,-9.235424041748047,1159.9586181640625,0.4546501636505127,434.193115234375,F,minor,0.05160936713218689,0.0008614613325335085,2,0,13,0,2,2,1,4,0,11
OcDiOUQBFd4,Echoes,Pink Floyd,1414.93115234375,133,66,True,True,135.88516235351562,,,,1.098236083984375,2.681358575820923,0.15355561673641205,5.550337314605713,-17.218534469604492,976.37646484375,0.44512051343917847,440.5086364746094,C#,minor,0.05208401754498482,0.0006892025121487677,0,0,5,1,2,27,0,23,2,6
e01zTf2tLV0,Terrapin Station,Grateful Dead,982.1333618164062,136,50,True,True,143.45339965820312,,,,1.3021957874298096,3.507624864578247,0.5750054717063904,4.319090843200684,-14.006224632263184,969.0076293945312,0.44944310188293457,439.4919738769531,D,major,0.04959810897707939,0.0006146571831777692,2,0,4,1,4,4,1,19,1,14
ldXdnZtTWp8,Thick as a Brick (Part 1),Jethro Tull,1360.026611328125,133,70,True,True,132.8607940673828,,,,1.1146153211593628,3.6829822063446045,0.6026197075843811,5.6539788246154785,-12.391129493713379,1289.090087890625,0.4559488296508789,441.2725830078125,F,major,0.05268549174070358,0.0005121726426295936,3,0,14,1,2,4,2,27,1,16
yMnQ4aIh1m0,Shine On You Crazy Diamond (Parts I-V),Pink Floyd,812.9654541015625,136,36,True,True,136.19776916503906,,,,1.0471222400665283,1.947136640548706,0.1827390342950821,6.476973533630371,-13.72356128692627,863.5946044921875,0.4274672865867615,440.76312255859375,G,minor,0.032501284033060074,0.0009139201720245183,0,0,2,0,0,12,2,15,1,4
eK1hmDpa8bo,La Villa Strangiato,Rush,611.0447387695312,136,34,True,True,139.5906524658203,,,,1.1195193529129028,3.150282382965088,0.7302441596984863,3.2895140647888184,-12.579371452331543,1588.2958984375,0.473466694355011,434.193115234375,C,major,0.05973098427057266,0.0010639106621965766,0,0,0,0,2,6,1,25,0,0
9hKYpNpajpI,Supper's Ready,Genesis,1386.00537109375,176,75,True,True,178.20635986328125,,,,1.086046814918518,3.1687800884246826,0.27374890446662903,6.193603038787842,-12.013311386108398,1467.1285400390625,0.4516655206680298,434.193115234375,D,major,0.045532215386629105,0.0006700840895064175,4,0,24,1,4,8,5,12,1,16
i9qZ4Tntg8I,A Change of Seasons,Dream Theater,1388.719970703125,143,61,True,True,147.0451202392578,,,,1.0748213529586792,3.455652952194214,0.721321165561676,2.527040481567383,-9.809185981750488,1740.2169189453125,0.4733775854110718,440.2542419433594,B,minor,0.06788162887096405,0.0006019060383550823,1,0,10,1,4,2,1,30,1,11
VlrQ-bOzpkQ,Aquarius / Let the Sunshine In,The 5th Dimension,290.87640380859375,120,19,True,True,118.28082275390625,,,,1.06845223903656,3.5854294300079346,0.929249107837677,2.954404830932617,-9.830439567565918,2071.984619140625,0.47017621994018555,442.2933654785156,C,minor,0.05490821972489357,0.0027134877163916826,0,0,9,1,1,1,0,0,1,6
3sMALbhJU6M,Christian Woman,Type O Negative,269.3166809082031,91,14,True,True,178.2061004638672,,,,0.8968610763549805,1.912082314491272,0.8656340837478638,6.518749713897705,-8.560315132141113,1822.1571044921875,0.4387648105621338,434.193115234375,C#,minor,0.055335287004709244,0.001379072549752891,0,1,7,1,0,2,0,0,1,2
L53gjP-TtGE,POWER,Kanye West,102.34197235107422,154,6,True,True,153.2958526611328,,,,1.0074474811553955,3.790351629257202,0.7976120710372925,5.480321884155273,-14.469100952148438,2245.69775390625,0.4716949760913849,434.193115234375,C,major,0.09614512324333191,0.005442176945507526,0,0,2,1,0,0,0,0,1,2
Bm5iA4Zupek,Runaway,Kanye West,277.8500061035156,87,14,True,True,172.26513671875,,,,1.1639573574066162,3.861473560333252,0.8965135216712952,5.373268127441406,-15.836252212524414,1065.984619140625,0.44757983088493347,434.193115234375,C#,minor,0.08337510377168655,0.002506265649572015,0,0,4,1,0,4,0,0,1,4
3Cem1ME-OvQ,Stuck Between Stations,The Hold Steady,349.13525390625,143,19,True,True,144.5684051513672,,,,1.0340094566345215,2.319863796234131,0.7303926944732666,10.116456985473633,-16.421512603759766,1291.2158203125,0.4547358751296997,434.193115234375,D,major,0.05664893612265587,0.0017287234077230096,0,1,5,1,0,5,1,0,1,5
BpndGZ71yww,You Never Give Me Your Money,The Beatles,242.97332763671875,92,12,True,True,178.20619201660156,,,,1.0228227376937866,2.8273324966430664,0.5954077839851379,5.935153961181641,-12.74932861328125,1164.4417724609375,0.4518509805202484,442.0379333496094,C,major,0.05331549793481827,0.0030575196724385023,0,0,3,0,0,1,3,1,1,3
TfEkDqP34xo,Casimir Pulaski Day,Sufjan Stevens,353.9466552734375,133,22,True,True,133.80918884277344,,,,1.004355549812317,3.3845155239105225,0.29475799202919006,5.789222717285156,-12.305355072021484,602.61572265625,0.41725119948387146,440.2542419433594,Ab,major,0.04302768036723137,0.0007870916742831469,1,0,6,0,2,1,1,0,1,10
Ntm--gpY_js,They Are Night Zombies!! They Are Neighbors!! They Have Come Back from the Dead!! Ahhhh!,Sufjan Stevens,309.7866516113281,95,15,True,True,94.93836212158203,,,,1.1673743724822998,3.576493740081787,0.8510528206825256,3.166809558868408,-10.370172500610352,728.6468505859375,0.42098045349121094,434.193115234375,A,minor,0.0325239822268486,0.0011990407947450876,0,0,6,0,0,4,1,0,0,4
5cpnpZgfqaQ,The Night Will Always Win,Manchester Orchestra,237.34666442871094,115,15,True,True,113.75093078613281,,,,0.9970846772193909,2.4055678844451904,0.6360968351364136,5.4070515632629395,-13.966924667358398,852.4811401367188,0.43075037002563477,440.2542419433594,Ab,minor,0.03462441265583038,0.0011737089371308684,0,0,5,1,1,2,1,0,1,4
b8-tXG8KrWs,Reptilia,The Strokes,215.93399047851562,158,15,True,True,156.4768829345703,,,,0.9556591510772705,4.662961483001709,0.8995373249053955,2.1445229053497314,-8.57049560546875,1313.325927734375,0.46441924571990967,437.9714660644531,B,minor,0.05676198750734329,0.00215007527731359,0,0,6,0,2,2,0,1,1,3
wveUjX6KFR8,Automatic Stop,The Strokes,207.13333129882812,105,12,True,True,105.73796081542969,,,,0.9885566234588623,4.079263687133789,0.9062253832817078,4.867642879486084,-8.157476425170898,1380.09521484375,0.4766732156276703,439.74591064453125,Bb,minor,0.04549529403448105,0.002465262310579419,0,0,5,1,1,1,0,0,0,4
iy8hLP3SFkk,I'm Going Down,The Gaslight Anthem,192.6676025390625,158,13,True,True,161.59596252441406,,,,1.158919095993042,3.176072835922241,0.8776117563247681,3.4561655521392822,-9.085548400878906,1964.75634765625,0.4673539400100708,435.7005310058594,C,major,0.06722891330718994,0.002650602487847209,0,0,5,2,0,2,0,0,0,4
byDPXhYETZI,Rose's Turn,Ethel Merman,266.5333251953125,107,12,True,True,110.47607421875,,,,1.0725153684616089,3.2151148319244385,0.5941560864448547,6.785307884216309,-11.224523544311523,1882.1041259765625,0.46641331911087036,443.8288879394531,F,minor,0.08866050839424133,0.003832085058093071,0,0,5,0,0,0,1,0,1,5
4T_7M-0lwds,Being Alive,Bobby Darin,583.6219482421875,150,29,True,True,148.66668701171875,,,,1.4057868719100952,4.242303848266602,0.7073543071746826,3.384643077850342,-14.993471145629883,583.1630249023438,0.40911248326301575,437.9714660644531,F,minor,0.10000795871019363,0.0011138515546917915,0,0,9,0,2,2,1,0,1,14
I96RZh8108o,A Little Priest,Original Broadway Cast,437.3826904296875,71,21,True,True,103.56953430175781,,,,1.0565760135650635,3.6373538970947266,0.06494241207838058,8.444592475891113,-12.39193344116211,1151.5220947265625,0.4516553282737732,441.2725830078125,B,major,0.08248407393693924,0.0019108280539512634,0,0,8,1,0,1,0,0,1,10
_AkW-gqCD7A,The Ballad of Sweeney Todd,Original Broadway Cast,183.55374145507812,128,9,True,True,125.72854614257812,,,,0.8822180032730103,2.9689698219299316,0.012529104016721249,7.940196514129639,-11.794783592224121,1314.138671875,0.459490567445755,447.43255615234375,G,minor,0.06929691135883331,0.0040465351194143295,0,0,3,1,0,0,1,0,1,3
ducG55pfCMQ,Finishing the Hat,Mandy Patinkin,202.18777465820312,73,10,True,True,129.4425048828125,,,,1.1198806762695312,3.258972644805908,0.058087922632694244,8.830358505249023,-17.707616806030273,1074.8699951171875,0.4377647042274475,442.0379333496094,C#,major,0.057634901255369186,0.0027554535772651434,0,0,2,0,0,2,1,0,1,4
x-oyVRuPRlY,Tonight (Quintet),Original Broadway Cast,218.16004943847656,59,10,True,True,144.30780029296875,,,,1.0079717636108398,2.777590751647949,0.39067718386650085,3.9309582710266113,-19.610559463500977,1514.8817138671875,0.45437711477279663,445.8845520019531,C,major,0.07959140092134476,0.004681847058236599,0,0,2,0,0,2,0,0,1,5
ThSVej4XzQI,Somewhere,Original Broadway Cast,452.8399963378906,62,20,True,True,163.92796325683594,,,,0.9059302806854248,1.956459879875183,0.04365101829171181,7.473850727081299,-21.597789764404297,1358.6661376953125,0.42848631739616394,446.6578369140625,B,major,0.05485491827130318,0.0024607812520116568,0,0,1,1,0,10,3,2,1,2
ndZ6B1EaJEs,Gethsemane (I Only Want to Say),Ted Neeley,386.6470642089844,80,16,True,True,163.11073303222656,,,,1.0088999271392822,2.645664930343628,0.49035191535949707,7.860180854797363,-17.489606857299805,1580.8189697265625,0.45795050263404846,434.193115234375,C,minor,0.06412873417139053,0.0020415515173226595,0,0,3,1,0,1,0,1,1,9
ydpmzU_i2hg,One Day More,Original Broadway Cast,234.84664916992188,88,11,True,True,172.26547241210938,,,,1.0031113624572754,1.7711937427520752,0.8983904123306274,3.4733283519744873,-20.233915328979492,1534.85888671875,0.4523496627807617,443.3164367675781,A,major,0.047044869512319565,0.003558015450835228,0,0,2,1,0,1,1,0,1,5
nrwaFk7KEMI,I Am the One,Original Broadway Cast,138.41067504882812,95,9,True,True,95.26925659179688,,,,0.9235295057296753,3.0630135536193848,0.1844179332256317,6.270932674407959,-15.655525207519531,1727.865966796875,0.4517229199409485,440.5086364746094,A,major,0.05667337402701378,0.0040241447277367115,0,1,3,1,0,0,1,0,1,2
wffotEgDPGk,Natasha Pierre & The Great Comet of 1812,Josh Groban,470.6400146484375,81,23,True,True,162.73573303222656,,,,0.9724903106689453,2.674984931945801,0.06960298120975494,10.05958080291748,-18.71880531311035,763.825439453125,0.3521921634674072,439.4919738769531,D,major,0.056925807148218155,0.0012825572630390525,0,0,5,1,0,2,0,0,3,12
